{
    "MLI": [
        0.0,
        0.036374715338418066,
        0.026581324134654576,
        0.07986790669813218,
        0.11064492308327865,
        0.0901699449008782,
        0.13824354121589866,
        0.167494616604097,
        0.030906114608238416,
        0.0038161434746011276,
        -0.027213905427805742,
        -0.03904188462750008,
        -0.01602367145018624,
        -0.0382518035021767,
        -0.07744602403292533,
        -0.051019617765981226,
        -0.05676448869357769,
        -0.05714661943393021,
        -0.05216859195150052,
        -0.06046702573185789,
        -0.10451275748640601,
        -0.04399667442977316,
        -0.0010999168607443337,
        -0.01361211664282654,
        0.056098341862422574,
        0.06656562579072658,
        0.11534668036829135,
        0.09228199183066428,
        0.15686466891469691,
        0.23016147605744336,
        0.19402688341397661,
        0.17890689952543487,
        0.16019798503493385,
        0.21376083779582847,
        0.2614290656903398,
        0.23682552633345552,
        0.2860326050472241,
        0.24528404191044703,
        0.2988468946713416,
        0.3293450588946092,
        0.3313951386773111,
        0.34478004244749555,
        0.3687045251509156,
        0.3774522207476334,
        0.3895435603224357,
        0.3314003026062347,
        0.3774522207476334,
        0.49399951459068114,
        0.492197303396316,
        0.4991453697631304,
        0.5024890137412147,
        0.4620967617001718,
        0.47264408652679296
    ],
    "PRLB": [
        0.0,
        0.09386503067484647,
        0.08803680981595084,
        0.03312883435582817,
        0.0843558282208589,
        0.07453987730061348,
        0.07116564417177915,
        0.03987730061349684,
        0.016871165644171692,
        -0.10797546012269947,
        -0.12239263803680987,
        -0.1352760736196319,
        -0.10521472392638036,
        -0.11165644171779142,
        -0.14693251533742338,
        -0.17944785276073624,
        -0.21779141104294483,
        -0.18006134969325155,
        -0.2101226993865031,
        -0.20337423312883443,
        -0.2588957055214724,
        -0.2819018404907976,
        0.023006134969325152,
        0.07607361963190173,
        0.12024539877300618,
        0.14171779141104285,
        0.1380368098159509,
        0.16012269938650303,
        0.1935582822085888,
        0.22914110429447848,
        0.16564417177914106,
        0.11779141104294466,
        0.11533742331288337,
        0.16196319018404912,
        0.16196319018404912,
        0.11257668711656446,
        0.08680981595092019,
        0.10368098159509188,
        0.154601226993865,
        0.1085889570552147,
        0.12147239263803683,
        0.028220858895705574,
        0.05828220858895701,
        0.06779141104294481,
        0.03987730061349684,
        -0.02423312883435591,
        -0.025766871165644165,
        -0.03803680981595098,
        -0.03742331288343566,
        -0.029754601226993936,
        -0.02423312883435591,
        -0.051840490797546046,
        -0.06840490797546013
    ],
    "NVR": [
        0.0,
        0.036615349832908116,
        0.05667519199655217,
        0.08611054197076415,
        0.11037947138244567,
        0.0975420202205752,
        0.1320166173280861,
        0.10052529691463115,
        0.11390500144836391,
        0.12826500116575631,
        0.08780972028910748,
        0.061407103342541604,
        0.08448024925992129,
        0.09186690594111864,
        0.12221719808674633,
        0.08219466012901028,
        0.053612431909226384,
        0.05288118469114509,
        0.0889171889019987,
        0.04498053540013704,
        -0.027531281130995837,
        -0.045888412381039884,
        0.04571354891584642,
        0.06515518690961487,
        0.11402510968708261,
        0.0857254890878131,
        0.12831975639223106,
        0.15323338443821136,
        0.20814757769943257,
        0.237856703806018,
        0.2309328171034131,
        0.24823016977652798,
        0.2647980415291897,
        0.3098880873822762,
        0.25518938243169714,
        0.26588784716579866,
        0.34543129455485755,
        0.3105963727311907,
        0.33700958746352594,
        0.35154091805085513,
        0.34680194151435284,
        0.34783345932923077,
        0.3966203661181723,
        0.4176781664417581,
        0.3902793576328784,
        0.37090130635372565,
        0.3789114660976832,
        0.3317884116745207,
        0.34677191445467315,
        0.3348335087855643,
        0.3561209278008181,
        0.2993114971845215,
        0.34721172256409877
    ],
    "WOR": [
        0.0,
        0.048333790397136665,
        0.038271789927821716,
        0.053377513026318345,
        0.1939514909232783,
        0.1771324853621784,
        0.21420554300593428,
        0.24029493337706073,
        0.2808030375423727,
        0.23377258578427915,
        0.23634816387575028,
        0.23325803560574154,
        0.2717079390569031,
        0.2816625059724575,
        0.24596063973854077,
        0.19066345873844745,
        0.20169801558917408,
        0.06564755574529209,
        0.042023482713093134,
        0.06909673826076393,
        0.020986296567497963,
        0.056682508403848364,
        0.08720211926820794,
        0.08685720101666075,
        0.1443991778505939,
        0.17039527066187554,
        0.409952305156528,
        0.4630895062862766,
        0.5898865445128312,
        0.6551128476394303,
        0.5946645104563948,
        0.5766722174002776,
        0.4912031709861553,
        0.5156640948581737,
        0.5918542748659201,
        0.6202506594441161,
        0.763917592809868,
        0.7574489619939667,
        0.7397365616173839,
        0.756606456756581,
        0.7431122369644931,
        0.7819325034562505,
        0.7574093812110024,
        0.7247156544823823,
        0.7252782670402338,
        0.63310875950999,
        0.6238072755133487,
        0.642130350827097,
        0.6959658700562895,
        0.662986596250569,
        0.6401569660764418,
        0.6108417418937142,
        0.5719451410348113
    ],
    "DFH": [
        0.0,
        0.1441070509521359,
        0.2671127123005662,
        0.16881111682964495,
        0.2619660319094184,
        0.20844055584148227,
        0.36747297992794653,
        0.2774060730828616,
        0.312403499742666,
        0.5697375193000515,
        0.4868759650025734,
        0.3736489963973238,
        0.35460627895007724,
        0.4302624806999485,
        0.4477611940298507,
        0.21410190427174475,
        0.14873906330416883,
        0.1291816778178076,
        0.10859495625321665,
        0.08234688625836344,
        -0.02264539372104999,
        -0.018528049408131728,
        0.14359238291302107,
        0.16469377251672668,
        0.26402470406587747,
        0.3046834791559445,
        0.3407102418939784,
        0.4704065877509007,
        0.629439011837365,
        0.8584662892434379,
        0.7735460627895009,
        0.7195059186824496,
        0.6330416881111683,
        0.766340710241894,
        0.7215645908389091,
        0.5970149253731344,
        0.7575913535769428,
        0.6927431806484818,
        0.9485331960885229,
        1.0025733401955736,
        0.9737519300051468,
        0.8167781780751414,
        1.1940298507462688,
        1.2074112197632527,
        1.1662377766340712,
        0.8703036541430779,
        0.7570766855378281,
        0.8888317035512097,
        0.6114256304683479,
        0.5527534740092641,
        0.5048893463715902,
        0.47452393206381877,
        0.4055584148224395
    ],