{
    "CEPU": [
        0.0,
        -0.028086424631336,
        0.04493511830438287,
        0.004204270653874753,
        -0.043544231772273956,
        -0.058986233384437835,
        -0.016864499201820798,
        -0.008424346836523435,
        -0.08847935007665682,
        -0.14185462074633706,
        -0.08427507942278208,
        -0.08146169530101638,
        0.04352842624349988,
        -0.05196857860879739,
        -0.17416112156032187,
        -0.08568177148366506,
        -0.1727544294994389,
        -0.20365423825254073,
        -0.16433008266291546,
        -0.11798827229764974,
        -0.1544990437655092,
        -0.18539885251861102,
        -0.1727544294994389,
        -0.16292339060203262,
        0.10178760530433548,
        0.23279963331173245,
        0.1598413124911093,
        0.2953421106703123,
        0.3950908027628062,
        0.4242045867644501,
        0.39294125084954723,
        0.4196051778912263,
        0.4114337195150863,
        0.4683336231013607,
        0.4888808105075155,
        0.43514201267603403,
        0.318181099748692,
        0.33082552276786414,
        0.31343944111650257,
        0.2723450663041933,
        0.22334792710490128,
        0.40669206088289683,
        0.4651725173465677,
        0.506266892158877,
        0.7069971075882344,
        0.5015252335266875,
        0.6137444878218402,
        0.6184861464540296,
        0.7480914824005437,
        0.5758112187643238,
        0.6216472522088226,
        0.5663279014999446,
        0.4825585989979296
    ],
    "CIG": [
        0.0,
        0.09282491811383714,
        0.09702737778876447,
        0.1096965576911192,
        0.13175947098448787,
        0.08034114084419992,
        0.0974599839317718,
        0.13608553241456026,
        0.12749521043198808,
        0.03318707125641175,
        0.05030591434398363,
        0.03318707125641175,
        0.06316049687905559,
        0.041715592361411466,
        0.058896236326555794,
        0.11464062789691613,
        0.09319572337927187,
        0.04530004326061425,
        0.027872195785180097,
        0.04091218095296942,
        0.01915827204746302,
        0.0017304245720288693,
        0.11062357085470602,
        0.1193374945924231,
        0.1629071132810085,
        -0.07663308818985236,
        -0.04616525554662875,
        -0.059267041591990664,
        -0.00259563685804351,
        0.05710401087695433,
        0.04789568011865762,
        0.08930226809220682,
        0.0846672022742723,
        0.02954081947963651,
        0.07088560657561324,
        0.03411408441999871,
        0.03411408441999871,
        0.09851059885050366,
        0.06173907669488899,
        0.0846672022742723,
        0.0755206723935479,
        0.038749150237933364,
        0.13064705518818354,
        0.15604721587046533,
        0.18867807922872498,
        0.146777084234596,
        0.15141215005253067,
        0.146777084234596,
        0.25029355416846905,
        0.1980100117421666,
        0.23125888387615096,
        0.1927569371485074,
        0.18657684939126123
    ],
    "CIG-C": [
        0.0,
        0.19656645309676365,
        0.10119927714802035,
        0.12140627566945944,
        0.13294726466239531,
        0.07458518153441761,
        0.12711516346311807,
        0.12711516346311807,
        0.18260226712666333,
        0.13882043699687863,
        0.20301462132413337,
        0.1621488417939872,
        0.220551996057171,
        0.15340068999507145,
        0.1592327911943485,
        0.21471989485789375,
        0.18260226712666333,
        0.09097256448168219,
        0.09384754394611464,
        0.09097256448168219,
        -0.02698373583045839,
        -0.08596188598652878,
        0.05848529653359613,
        0.017208805651388225,
        0.046738951864629494,
        -0.053556760308855055,
        -0.08891900772137339,
        -0.07713159191720066,
        -0.08891900772137339,
        -0.06033349761787417,
        -0.035731887629374154,
        -0.0265319533431904,
        -0.07873336619024149,
        -0.08797437161163132,
        -0.08148513224905532,
        -0.07873336619024149,
        -0.09717430589781507,
        -0.06033349761787417,
        -0.08542796122884844,
        -0.08830294069328071,
        -0.09409397075735167,
        -0.19849679645145393,
        -0.11869558074585188,
        -0.10140463282405131,
        -0.07967800229998355,
        -0.10452603909972079,
        -0.08275833744044694,
        -0.07655659602431407,
        -0.00796780022999839,
        -0.014333826186955778,
        0.03721044849679637,
        -0.014292755051749697,
        -0.044931821915557724
    ],
    "ENIC": [
        0.0,
        0.030108463017375915,
        0.1103856059781623,
        0.12710849929263252,
        0.10367468349838577,
        0.14383139260710273,
        0.17724090397939563,
        0.24413247723727646,
        0.1404577937388907,
        0.08695179018391556,
        0.08361446657235105,
        0.07356622048100986,
        0.0936627126636921,
        0.04349403272028146,
        0.0033373236115645066,
        0.08695179018391556,
        0.030108463017375915,
        -0.023397540537599223,
        -0.0033373236115645066,
        -0.05684332716653965,
        -0.07356622048100986,
        -0.033445786628940426,
        0.033445786628940426,
        0.0033373236115645066,
        0.08361446657235105,
        0.0936627126636921,
        0.11372292958972681,
        0.11706025320129147,
        0.12710849929263252,
        0.10367468349838577,
        0.07693981934922188,
        0.02677113940581125,
        -0.04349403272028146,
        -0.03605760510755603,
        0.01469147894221359,
        -0.04621467696883946,
        -0.06311894656654693,
        0.0248122755468495,
        -0.029274132114484628,
        -0.02252693437806074,
        -0.00899626364856529,
        0.0011608082127181382,
        -0.005622664780353266,
        0.004534407080930162,
        0.04850001813762838,
        -0.015779736641636694,
        0.0248122755468495,
        0.04175282040120433,
        -0.002249065912141242,
        0.04512641926941636,
        0.0654042877353357,
        0.08825769942322345,
        0.04472739144629447
    ],
    "TAC": [
        0.0,
        -0.009178421853186815,
        -0.014272914800074874,
        -0.05096576584085164,
        -0.037713833267351504,
        -0.061165169920613376,
        0.005094492946888244,
        0.04587127289396377,
        0.04077677994707571,
        0.04892380138770235,
        0.04077677994707571,
        0.0020419644531494705,
        0.0,
        -0.03165044902381587,
        -0.009136749109245087,
        -0.04700685516637844,
        -0.060310878669805924,
        -0.1442502031546266,
        -0.1186631383743462,
        -0.15551226220490483,
        -0.20464442731231636,
        -0.2261371450003125,
        -0.2026024628591669,
        -0.1708686683474673,
        -0.13811389160919296,
        -0.17496301543975157,
        -0.16049215510595294,
        -0.2067801554393348,
        -0.18106807242722894,
        -0.13991623778467693,
        -0.14916758693976195,
        -0.16769112162190314,
        -0.2047277728002,
        -0.22427228970891583,
        -0.23250265663742622,
        -0.29320942637467956,
        -0.2767486925176588,
        -0.2942304086012543,
        -0.27880107515679364,
        -0.29382409934782155,
        -0.28864626091304973,
        -0.32799574938011783,
        -0.3466338841080991,
        -0.33627820723855556,
        -0.35181172254287074,
        -0.36837663825974615,
        -0.32799574938011783,
        -0.3166086720980143,
        -0.25241181005563307,
        -0.2710499447836142,
        -0.24826537203342147,
        -0.26379888733773676,
        -0.2519742462442439
    ],