{
    "SPLP": [
        0.0,
        0.0027347310847766052,
        -0.005469462169553373,
        0.014129443938012702,
        0.0824977210574293,
        0.07110300820419319,
        0.014129443938012702,
        0.006381039197812079,
        0.039197812215132154,
        0.036918869644484896,
        0.019598906107566077,
        0.025524156791248802,
        0.008659981768459332,
        0.024384685505925256,
        -0.00319051959890612,
        0.025296262534184124,
        -0.030993618960802174,
        -0.034867821330902486,
        -0.042844120328167784,
        -0.04056517775752053,
        -0.008204193254329977,
        -0.02962625341841395,
        -0.11121239744758438,
        -0.12032816773017321,
        -0.1205560619872379,
        -0.10961713764813132,
        -0.11690975387420242,
        -0.11121239744758438,
        -0.08842297174111217,
        -0.12237921604375579,
        -0.09981768459434827,
        -0.10551504102096633,
        -0.12260711030082047,
        -0.14197812215132186,
        -0.1504102096627165,
        -0.16157702825888795,
        -0.16112123974475842,
        -0.16818596171376488,
        -0.1556517775752052,
        -0.1565633546034641,
        -0.13400182315405657,
        -0.10004557885141295,
        -0.08842297174111217,
        -0.13422971741112125,
        -0.11987237921604386,
        -0.12078395624430273,
        -0.14676390154968105,
        -0.19074749316317238,
        -0.185278030993619,
        -0.12443026435733821,
        -0.08842297174111217,
        -0.09981768459434827,
        -0.11121239744758438
    ],
    "HHS": [
        0.0,
        0.06292517006802723,
        0.005952380952380976,
        -0.09013605442176875,
        -0.059523809523809465,
        -0.12925170068027209,
        -0.11054421768707474,
        -0.06632653061224485,
        -0.02210884353741495,
        -0.0034013605442176145,
        -0.04931972789115647,
        0.025510204081632713,
        0.05442176870748304,
        0.08163265306122457,
        0.0340136054421769,
        0.045918367346938854,
        0.057823129251700654,
        0.13095238095238104,
        0.07653061224489799,
        -0.010204081632652994,
        0.003401360544217766,
        0.10714285714285712,
        0.1802721088435375,
        0.16496598639455778,
        0.16666666666666674,
        0.13775510204081642,
        0.27721088435374147,
        0.17346938775510212,
        0.18707482993197289,
        0.19727891156462588,
        0.1887755102040817,
        0.22278911564625858,
        0.2431972789115646,
        0.31632653061224497,
        0.31632653061224497,
        0.29421768707483004,
        0.32993197278911574,
        0.34183673469387754,
        0.3333333333333333,
        0.32653061224489793,
        0.2619047619047619,
        0.3112244897959184,
        0.2568027210884353,
        0.24659863945578234,
        0.20918367346938782,
        0.20748299319727886,
        0.1989795918367347,
        0.21768707482993202,
        0.20238095238095244,
        0.20238095238095244,
        0.3095238095238096,
        0.26020408163265313,
        0.23979591836734696
    ],
    "HON": [
        0.0,
        0.006694052605682402,
        0.01632994197727305,
        0.02738593901573412,
        0.056395228562673635,
        0.05355501322893281,
        0.05573572620697484,
        0.06156807054601295,
        -0.015468233710628913,
        -0.03844245453089008,
        -0.03363876795419984,
        -0.04669297417415747,
        -0.04195046784744555,
        -0.05306712665919033,
        -0.05046644755841545,
        -0.008397767024571248,
        -0.02165573458555832,
        -0.06882363341208998,
        -0.04888561211617829,
        -0.05036430764955328,
        -0.07948144034899705,
        -0.08340786435820113,
        -0.043888533732353,
        -0.043340503866021556,
        -0.016206544523926912,
        -0.010205176782406214,
        0.017441556010778115,
        0.027853604994382265,
        0.05201254506210575,
        0.06709295820507506,
        0.07201693137494311,
        0.03949755460466927,
        0.014415207543628426,
        0.031187928618202555,
        0.04149783769294454,
        -0.01000037848798713,
        0.01226093687701786,
        0.020416575285149122,
        0.021698768151220866,
        0.027572590625837577,
        0.03298756122561658,
        0.014781770566803902,
        0.02365290681366509,
        0.04185869747247792,
        0.01993905824930119,
        0.0007533466374452775,
        0.008695891124041915,
        -0.000638763287909575,
        0.005704799072134129,
        0.05109017502217774,
        0.06090701276022991,
        0.03270188056681945,
        0.04970791615402283
    ],
    "MDU": [
        0.0,
        0.021259019402871004,
        0.010300604268121759,
        0.012294434104179037,
        0.04566941179470191,
        0.035210728946227794,
        0.06709160908696889,
        0.1034598811860993,
        0.10196578363631734,
        0.06559751153718674,
        0.0650977792509116,
        -0.0016572754391779335,
        0.001330919660386177,
        0.0008362866831544765,
        -0.01560388567349111,
        0.018755258662451372,
        0.008724917773641809,
        -0.06447056423854561,
        -0.039902093266362355,
        -0.029377119400321092,
        -0.06848372045587824,
        -0.07750439815405012,
        -0.04541954565156416,
        -0.09355192371433663,
        -0.07098748119629787,
        -0.04491981336528885,
        -0.030881415568190462,
        -0.028372555518727215,
        -0.013977206088574853,
        0.011254175059279508,
        -0.005395068968154742,
        -0.001361515514647672,
        -0.03617959766451638,
        -0.031131281711328028,
        -0.012462711302618437,
        -0.022049412304632605,
        0.03951454577904706,
        0.05263506794829317,
        0.07079880676168383,
        0.1020881670533644,
        0.1323627648453635,
        0.12740623645496055,
        0.17814436143902507,
        0.29129292980801114,
        0.2760714923127917,
        0.2090920680247827,
        0.2263430305193647,
        0.2684582239106602,
        0.2902781673083299,
        0.28266489890619834,
        0.3126029423013183,
        0.28013054231151685,
        0.2664286989112976
    ],
    "GFF": [
        0.0,
        0.08659602909259782,
        0.13048500564167753,
        0.12312254199998203,
        0.19999821371686807,
        0.21855471831803572,
        0.22945402256075595,
        0.23976385336997197,
        0.22886454912725174,
        0.24624210686141113,
        0.2480105271619236,
        0.2008824238671242,
        0.1889173040224118,
        0.19452921019491312,
        0.18773538001685064,
        0.15080397626625136,
        0.18271294727785337,
        0.16823512249436576,
        0.1824152334225483,
        0.17975664869467362,
        0.13455177690514541,
        0.17739280068355104,
        0.24741807658986642,
        0.30739550987963415,
        0.3738720366307126,
        0.40732018827424193,
        0.47964381514351295,
        0.546036982015106,
        0.6767512273253685,
        0.8015350126379531,
        0.7600396554855264,
        0.7443292953410758,
        0.7046112899048209,
        0.7603343922022786,
        0.7822699490611593,
        0.7727847856311384,
        1.0140580482475074,
        1.009907917104554,
        1.050513109829618,
        1.0819814643353685,
        1.0050462498474215,
        1.0739610530734487,
        1.1675295406572928,
        1.1446561851542005,
        1.1749545242086021,
        0.9812827299169673,
        0.9759357890756877,
        1.0115810689713687,
        1.0736633392181438,
        1.0582179444049147,
        1.0020750655714765,
        0.9800948516343003,
        1.0190953666792697
    ],